date;closes_alior;daily_returns_alior;daily_log_returns_alior;closes_ing;daily_returns_ing;daily_log_returns_ing
01/01/2023;30.16;;;137.35;;
02/01/2023;30.16;0.000000;0.000000;137.35;0.000000;0.000000
03/01/2023;33.37;0.106432;0.101141;142.71;0.039024;0.038282
04/01/2023;35.68;0.069224;0.066933;148.06;0.037489;0.036803
05/01/2023;36.27;0.016536;0.016401;149.23;0.007902;0.007871
06/01/2023;37.34;0.029501;0.029074;152.74;0.023521;0.023248
07/01/2023;37.8;0.012319;0.012244;151.41;-0.008708;-0.008746
08/01/2023;37.03;-0.020370;-0.020581;150.57;-0.005548;-0.005563
09/01/2023;36.26;-0.020794;-0.021013;149.73;-0.005579;-0.005594
10/01/2023;36.87;0.016823;0.016683;152.24;0.016764;0.016625
11/01/2023;36.73;-0.003797;-0.003804;150.985;-0.008244;-0.008278
12/01/2023;36.59;-0.003812;-0.003819;149.73;-0.008312;-0.008347
13/01/2023;36.89;0.008199;0.008166;150.4;0.004475;0.004465
14/01/2023;36.7;-0.005150;-0.005164;147.975;-0.016124;-0.016255
15/01/2023;36.51;-0.005177;-0.005191;145.55;-0.016388;-0.016524
16/01/2023;35.42;-0.029855;-0.030310;143.54;-0.013810;-0.013906
17/01/2023;34.56;-0.024280;-0.024580;141.03;-0.017486;-0.017641
18/01/2023;35.22;0.019097;0.018917;143.21;0.015458;0.015339
19/01/2023;35.24;0.000568;0.000568;147.06;0.026884;0.026529
20/01/2023;35.04;-0.005675;-0.005692;146.05;-0.006868;-0.006892
21/01/2023;33.46;-0.045091;-0.046140;143.88;-0.014858;-0.014969
22/01/2023;33.595;0.004035;0.004027;143.46;-0.002919;-0.002923
23/01/2023;33.73;0.004018;0.004010;143.04;-0.002928;-0.002932
24/01/2023;33.73;0.000000;0.000000;143.71;0.004684;0.004673
25/01/2023;32.975;-0.022384;-0.022638;141.45;-0.015726;-0.015851
26/01/2023;32.22;-0.022896;-0.023162;139.19;-0.015977;-0.016106
27/01/2023;34.07;0.057418;0.055830;144.38;0.037287;0.036609
28/01/2023;34.12;0.001468;0.001466;144.55;0.001177;0.001177
29/01/2023;34.61;0.014361;0.014259;143.54;-0.006987;-0.007012
30/01/2023;34.94;0.009535;0.009490;144.55;0.007036;0.007012
31/01/2023;33.99;-0.027189;-0.027566;142.37;-0.015081;-0.015196
01/02/2023;33.98;-0.000294;-0.000294;140.87;-0.010536;-0.010592
02/02/2023;33.915;-0.001913;-0.001915;141.205;0.002378;0.002375
03/02/2023;33.85;-0.001917;-0.001918;141.54;0.002372;0.002370
04/02/2023;35.23;0.040768;0.039959;145.38;0.027130;0.026769
05/02/2023;34.51;-0.020437;-0.020649;144.38;-0.006879;-0.006902
06/02/2023;33.79;-0.020864;-0.021084;143.38;-0.006926;-0.006950
07/02/2023;33.73;-0.001776;-0.001777;138.36;-0.035012;-0.035639
08/02/2023;34.22;0.014527;0.014423;139.86;0.010841;0.010783
09/02/2023;34.35;0.003799;0.003792;140.53;0.004791;0.004779
10/02/2023;35.47;0.032606;0.032085;143.88;0.023838;0.023559
11/02/2023;34.63;-0.023682;-0.023967;141.2;-0.018627;-0.018802
12/02/2023;34.3;-0.009529;-0.009575;140.2;-0.007082;-0.007107
13/02/2023;34.1;-0.005831;-0.005848;140.115;-0.000606;-0.000606
14/02/2023;33.9;-0.005865;-0.005882;140.03;-0.000607;-0.000607
15/02/2023;33.47;-0.012684;-0.012765;136.52;-0.025066;-0.025386
16/02/2023;33.715;0.007320;0.007293;137.775;0.009193;0.009151
17/02/2023;33.96;0.007267;0.007241;139.03;0.009109;0.009068
18/02/2023;34.53;0.016784;0.016645;138.86;-0.001223;-0.001224
19/02/2023;34.61;0.002317;0.002314;140.7;0.013251;0.013164
20/02/2023;35.3;0.019936;0.019740;142.87;0.015423;0.015305
21/02/2023;34.99;-0.008782;-0.008821;144.38;0.010569;0.010514
22/02/2023;34.42;-0.016290;-0.016425;139.53;-0.033592;-0.034169
23/02/2023;34.34;-0.002324;-0.002327;142.37;0.020354;0.020150
24/02/2023;34.765;0.012376;0.012300;144.38;0.014118;0.014019
25/02/2023;35.19;0.012225;0.012151;146.39;0.013922;0.013826
26/02/2023;35.66;0.013356;0.013268;146.39;0.000000;0.000000
27/02/2023;35.975;0.008833;0.008795;145.805;-0.003996;-0.004004
28/02/2023;36.29;0.008756;0.008718;145.22;-0.004012;-0.004020
01/03/2023;35.64;-0.017911;-0.018074;146.39;0.008057;0.008024
02/03/2023;34.2;-0.040404;-0.041243;143.88;-0.017146;-0.017295
03/03/2023;33.47;-0.021345;-0.021576;137.52;-0.044204;-0.045210
04/03/2023;33.92;0.013445;0.013355;138.86;0.009744;0.009697
05/03/2023;32.06;-0.054835;-0.056396;132.5;-0.045802;-0.046884
06/03/2023;31.87;-0.005926;-0.005944;132;-0.003774;-0.003781
07/03/2023;30.885;-0.030907;-0.031394;132.585;0.004432;0.004422
08/03/2023;29.9;-0.031893;-0.032412;133.17;0.004412;0.004403
09/03/2023;29.49;-0.013712;-0.013807;132.5;-0.005031;-0.005044
10/03/2023;29.825;0.011360;0.011296;133.17;0.005057;0.005044
11/03/2023;30.16;0.011232;0.011170;133.84;0.005031;0.005019
12/03/2023;29.81;-0.011605;-0.011673;131.33;-0.018754;-0.018932
13/03/2023;29.96;0.005032;0.005019;133.84;0.019112;0.018932
14/03/2023;29.65;-0.010347;-0.010401;132.33;-0.011282;-0.011346
15/03/2023;31.03;0.046543;0.045492;134.68;0.017759;0.017603
16/03/2023;32.04;0.032549;0.032031;134.34;-0.002525;-0.002528
17/03/2023;32.89;0.026529;0.026184;131.83;-0.018684;-0.018861
18/03/2023;33.21;0.009729;0.009682;133.585;0.013313;0.013225
19/03/2023;33.53;0.009636;0.009590;135.34;0.013138;0.013052
20/03/2023;33.68;0.004474;0.004464;137.19;0.013669;0.013577
21/03/2023;33.92;0.007126;0.007101;139.28;0.015234;0.015119
22/03/2023;34.16;0.007075;0.007051;141.37;0.015006;0.014894
23/03/2023;34.97;0.023712;0.023435;140.03;-0.009479;-0.009524
24/03/2023;33.85;-0.032027;-0.032552;138.69;-0.009569;-0.009615
25/03/2023;34.01;0.004727;0.004716;136.35;-0.016872;-0.017016
26/03/2023;35.69;0.049397;0.048216;142.04;0.041731;0.040884
27/03/2023;36.77;0.030261;0.029812;140.03;-0.014151;-0.014252
28/03/2023;38.46;0.045961;0.044936;139.36;-0.004785;-0.004796
29/03/2023;38.83;0.009620;0.009574;138.69;-0.004808;-0.004819
30/03/2023;39.2;0.009529;0.009484;138.02;-0.004831;-0.004843
31/03/2023;39.48;0.007143;0.007117;138.86;0.006086;0.006068
01/04/2023;39.405;-0.001900;-0.001902;139.28;0.003025;0.003020
02/04/2023;39.33;-0.001903;-0.001905;139.7;0.003016;0.003011
03/04/2023;39.07;-0.006611;-0.006633;138.52;-0.008447;-0.008483
04/04/2023;39.19;0.003071;0.003067;138.36;-0.001155;-0.001156
05/04/2023;39.75;0.014289;0.014188;135.85;-0.018141;-0.018308
06/04/2023;39.15;-0.015094;-0.015209;135.85;0.000000;0.000000
07/04/2023;38.8;-0.008940;-0.008980;134.68;-0.008612;-0.008650
08/04/2023;37.9;-0.023196;-0.023469;133.84;-0.006237;-0.006257
09/04/2023;38.38;0.012665;0.012585;133.42;-0.003138;-0.003143
10/04/2023;38.86;0.012507;0.012429;133;-0.003148;-0.003153
11/04/2023;37.73;-0.029079;-0.029510;132.5;-0.003759;-0.003766
12/04/2023;37.48;-0.006626;-0.006648;133.17;0.005057;0.005044
13/04/2023;37.23;-0.006670;-0.006693;133.84;0.005031;0.005019
14/04/2023;36.19;-0.027934;-0.028332;131;-0.021219;-0.021448
15/04/2023;36.79;0.016579;0.016443;134.17;0.024198;0.023910
16/04/2023;36.81;0.000544;0.000543;138.86;0.034956;0.034359
17/04/2023;36.51;-0.008150;-0.008183;144.55;0.040977;0.040159
18/04/2023;37.22;0.019447;0.019260;146.39;0.012729;0.012649
19/04/2023;37.18;-0.001075;-0.001075;141.37;-0.034292;-0.034894
20/04/2023;37.455;0.007396;0.007369;139.695;-0.011848;-0.011919
21/04/2023;37.73;0.007342;0.007315;138.02;-0.011990;-0.012063
22/04/2023;36.7;-0.027299;-0.027679;138.19;0.001232;0.001231
23/04/2023;36.735;0.000954;0.000953;138.86;0.004848;0.004837
24/04/2023;36.77;0.000953;0.000952;139.53;0.004825;0.004813
25/04/2023;36.45;-0.008703;-0.008741;143.38;0.027593;0.027219
26/04/2023;36.86;0.011248;0.011185;141.03;-0.016390;-0.016526
27/04/2023;37.9;0.028215;0.027824;143.71;0.019003;0.018825
28/04/2023;38.16;0.006860;0.006837;146.89;0.022128;0.021887
29/04/2023;38.45;0.007600;0.007571;148.9;0.013684;0.013591
30/04/2023;37.18;-0.033030;-0.033588;142.37;-0.043855;-0.044846
01/05/2023;37.51;0.008876;0.008837;142.285;-0.000597;-0.000597
02/05/2023;37.84;0.008798;0.008759;142.2;-0.000597;-0.000598
03/05/2023;38.49;0.017178;0.017032;142.71;0.003586;0.003580
04/05/2023;38.195;-0.007664;-0.007694;141.62;-0.007638;-0.007667
05/05/2023;37.9;-0.007724;-0.007754;140.53;-0.007697;-0.007726
06/05/2023;36.87;-0.027177;-0.027553;140.7;0.001210;0.001209
07/05/2023;35.14;-0.046922;-0.048058;136.68;-0.028571;-0.028988
08/05/2023;36.15;0.028742;0.028337;139.53;0.020852;0.020637
09/05/2023;38.67;0.069710;0.067387;143.04;0.025156;0.024845
10/05/2023;38.67;0.000000;0.000000;140.87;-0.015171;-0.015287
11/05/2023;40.38;0.044220;0.043271;141.37;0.003549;0.003543
12/05/2023;39.79;-0.014611;-0.014719;141.37;0.000000;0.000000
13/05/2023;39.2;-0.014828;-0.014939;141.37;0.000000;0.000000
14/05/2023;39.6;0.010204;0.010152;141.03;-0.002405;-0.002408
15/05/2023;39.115;-0.012247;-0.012323;141.45;0.002978;0.002974
16/05/2023;38.63;-0.012399;-0.012477;141.87;0.002969;0.002965
17/05/2023;37.73;-0.023298;-0.023574;138.02;-0.027138;-0.027513
18/05/2023;39.31;0.041876;0.041023;141.37;0.024272;0.023982
19/05/2023;39.51;0.005088;0.005075;145.38;0.028365;0.027970
20/05/2023;39.92;0.010377;0.010324;146.89;0.010387;0.010333
21/05/2023;40.05;0.003257;0.003251;151.24;0.029614;0.029184
22/05/2023;39.87;-0.004494;-0.004505;152.74;0.009918;0.009869
23/05/2023;40.425;0.013920;0.013824;152.075;-0.004354;-0.004363
24/05/2023;40.98;0.013729;0.013636;151.41;-0.004373;-0.004382
25/05/2023;40.87;-0.002684;-0.002688;150.07;-0.008850;-0.008890
26/05/2023;40.125;-0.018229;-0.018397;147.39;-0.017858;-0.018020
27/05/2023;39.38;-0.018567;-0.018742;144.71;-0.018183;-0.018350
28/05/2023;41.14;0.044693;0.043723;150.57;0.040495;0.039696
29/05/2023;40.87;-0.006563;-0.006585;148.56;-0.013349;-0.013439
30/05/2023;41.12;0.006117;0.006098;147.73;-0.005587;-0.005603
31/05/2023;41.13;0.000243;0.000243;152.91;0.035064;0.034463
01/06/2023;42.04;0.022125;0.021884;156.76;0.025178;0.024866
02/06/2023;42.855;0.019386;0.019201;154.585;-0.013875;-0.013972
03/06/2023;43.67;0.019018;0.018839;152.41;-0.014070;-0.014170
04/06/2023;43.03;-0.014655;-0.014764;155.42;0.019749;0.019557
05/06/2023;42.38;-0.015106;-0.015221;155.085;-0.002155;-0.002158
06/06/2023;41.73;-0.015337;-0.015456;154.75;-0.002160;-0.002162
07/06/2023;42.35;0.014857;0.014748;153.75;-0.006462;-0.006483
08/06/2023;42.735;0.009091;0.009050;153.83;0.000520;0.000520
09/06/2023;43.12;0.009009;0.008969;153.91;0.000520;0.000520
10/06/2023;43.99;0.020176;0.019975;158.93;0.032616;0.032096
11/06/2023;44.36;0.008411;0.008376;159.77;0.005285;0.005271
12/06/2023;44.73;0.008341;0.008306;160.61;0.005258;0.005244
13/06/2023;46.77;0.045607;0.044598;169.39;0.054667;0.053225
14/06/2023;47.55;0.016677;0.016540;165.96;-0.020249;-0.020457
15/06/2023;47.57;0.000421;0.000421;168.97;0.018137;0.017974
16/06/2023;48.18;0.012823;0.012742;168.97;0.000000;0.000000
17/06/2023;49.11;0.019303;0.019119;169.39;0.002486;0.002483
18/06/2023;49.675;0.011505;0.011439;168.765;-0.003690;-0.003697
19/06/2023;50.24;0.011374;0.011310;168.14;-0.003703;-0.003710
20/06/2023;49.9;-0.006768;-0.006791;168.97;0.004936;0.004924
21/06/2023;49.42;-0.009619;-0.009666;169.18;0.001243;0.001242
22/06/2023;48.94;-0.009713;-0.009760;169.39;0.001241;0.001241
23/06/2023;50.04;0.022477;0.022228;167.3;-0.012338;-0.012415
24/06/2023;49.72;-0.006395;-0.006415;168.55;0.007472;0.007444
25/06/2023;49.17;-0.011062;-0.011124;165.96;-0.015366;-0.015486
26/06/2023;50.59;0.028879;0.028470;164.79;-0.007050;-0.007075
27/06/2023;50.57;-0.000395;-0.000395;163.12;-0.010134;-0.010186
28/06/2023;50.45;-0.002373;-0.002376;167.13;0.024583;0.024286
29/06/2023;50.26;-0.003766;-0.003773;165.54;-0.009514;-0.009559
30/06/2023;50.07;-0.003780;-0.003788;163.95;-0.009605;-0.009651
01/07/2023;49.98;-0.001797;-0.001799;159.94;-0.024459;-0.024763
02/07/2023;50.025;0.000900;0.000900;163.37;0.021446;0.021219
03/07/2023;50.07;0.000900;0.000899;166.8;0.020995;0.020778
04/07/2023;51.6;0.030557;0.030100;167.3;0.002998;0.002993
05/07/2023;50.99;-0.011822;-0.011892;163.12;-0.024985;-0.025302
06/07/2023;48.54;-0.048049;-0.049241;158.1;-0.030775;-0.031258
07/07/2023;49.53;0.020396;0.020190;158.1;0.000000;0.000000
08/07/2023;51.62;0.042197;0.041331;159.77;0.010563;0.010508
09/07/2023;51.15;-0.009105;-0.009147;162.45;0.016774;0.016635
10/07/2023;50.66;-0.009580;-0.009626;165.085;0.016220;0.016090
11/07/2023;50.17;-0.009672;-0.009719;167.72;0.015961;0.015835
12/07/2023;48.42;-0.034881;-0.035504;166.46;-0.007513;-0.007541
13/07/2023;47.47;-0.019620;-0.019815;165.29;-0.007029;-0.007054
14/07/2023;46.52;-0.020013;-0.020216;164.12;-0.007078;-0.007104
15/07/2023;47.81;0.027730;0.027352;162.61;-0.009201;-0.009243
16/07/2023;47.845;0.000732;0.000732;164.955;0.014421;0.014318
17/07/2023;47.88;0.000732;0.000731;167.3;0.014216;0.014116
18/07/2023;46.91;-0.020259;-0.020467;161.95;-0.031978;-0.032501
19/07/2023;46.52;-0.008314;-0.008349;157.93;-0.024822;-0.025136
20/07/2023;46.445;-0.001612;-0.001614;158.85;0.005825;0.005808
21/07/2023;46.37;-0.001615;-0.001616;159.77;0.005792;0.005775
22/07/2023;45.57;-0.017253;-0.017403;155.59;-0.026163;-0.026511
23/07/2023;47.55;0.043450;0.042532;159.77;0.026865;0.026511
24/07/2023;48.4;0.017876;0.017718;161.78;0.012581;0.012502
25/07/2023;48.755;0.007335;0.007308;161.61;-0.001051;-0.001051
26/07/2023;49.11;0.007281;0.007255;161.44;-0.001052;-0.001052
27/07/2023;48.84;-0.005498;-0.005513;163.62;0.013503;0.013413
28/07/2023;48.56;-0.005733;-0.005750;162.365;-0.007670;-0.007700
29/07/2023;48.28;-0.005766;-0.005783;161.11;-0.007729;-0.007760
30/07/2023;46.94;-0.027755;-0.028147;158.93;-0.013531;-0.013624
31/07/2023;46.94;0.000000;0.000000;157.26;-0.010508;-0.010563
01/08/2023;44.68;-0.048147;-0.049344;155.59;-0.010619;-0.010676
02/08/2023;42.63;-0.045882;-0.046968;158.93;0.021467;0.021240
03/08/2023;43.21;0.013605;0.013514;163.95;0.031586;0.031098
04/08/2023;43.27;0.001389;0.001388;162.61;-0.008173;-0.008207
05/08/2023;43.465;0.004507;0.004496;159.935;-0.016450;-0.016587
06/08/2023;43.66;0.004486;0.004476;157.26;-0.016726;-0.016867
07/08/2023;44.33;0.015346;0.015229;162.28;0.031922;0.031423
08/08/2023;44.68;0.007895;0.007864;162.28;0.000000;0.000000
09/08/2023;45.03;0.007833;0.007803;162.28;0.000000;0.000000
10/08/2023;44.91;-0.002665;-0.002668;161.11;-0.007210;-0.007236
11/08/2023;43.35;-0.034736;-0.035354;159.77;-0.008317;-0.008352
12/08/2023;43.43;0.001845;0.001844;161.28;0.009451;0.009407
13/08/2023;45.03;0.036841;0.036178;159.77;-0.009363;-0.009407
14/08/2023;43.92;-0.024650;-0.024959;155.09;-0.029292;-0.029730
15/08/2023;43.31;-0.013889;-0.013986;153.58;-0.009736;-0.009784
16/08/2023;43.04;-0.006234;-0.006254;153.33;-0.001628;-0.001629
17/08/2023;42.77;-0.006273;-0.006293;153.08;-0.001630;-0.001632
18/08/2023;43.38;0.014262;0.014162;155.25;0.014176;0.014076
19/08/2023;42.79;-0.013601;-0.013694;152.075;-0.020451;-0.020663
20/08/2023;42.2;-0.013788;-0.013884;148.9;-0.020878;-0.021099
21/08/2023;43.12;0.021801;0.021567;148.73;-0.001142;-0.001142
22/08/2023;45.03;0.044295;0.043342;150.57;0.012371;0.012296
23/08/2023;43.76;-0.028203;-0.028609;144.71;-0.038919;-0.039696
24/08/2023;43.03;-0.016682;-0.016823;147.22;0.017345;0.017196
25/08/2023;45.64;0.060655;0.058887;150.07;0.019359;0.019174
26/08/2023;45.93;0.006354;0.006334;148.9;-0.007796;-0.007827
27/08/2023;47.19;0.027433;0.027064;149.485;0.003929;0.003921
28/08/2023;48.45;0.026701;0.026350;150.07;0.003913;0.003906
29/08/2023;50.7;0.046440;0.045394;156.43;0.042380;0.041507
30/08/2023;50.725;0.000493;0.000493;157.265;0.005338;0.005324
31/08/2023;50.75;0.000493;0.000493;158.1;0.005310;0.005295
01/09/2023;52.73;0.039015;0.038273;159.77;0.010563;0.010508
02/09/2023;52.02;-0.013465;-0.013556;160.27;0.003129;0.003125
03/09/2023;52.68;0.012687;0.012608;161.78;0.009422;0.009377
04/09/2023;54.33;0.031321;0.030841;172.74;0.067746;0.065550
05/09/2023;54.94;0.011228;0.011165;175.66;0.016904;0.016763
06/09/2023;54.16;-0.014197;-0.014299;176.92;0.007173;0.007147
07/09/2023;54.03;-0.002400;-0.002403;174.62;-0.013000;-0.013085
08/09/2023;53.9;-0.002406;-0.002409;172.32;-0.013171;-0.013259
09/09/2023;53.79;-0.002041;-0.002043;169.39;-0.017003;-0.017149
10/09/2023;53.73;-0.001115;-0.001116;170.435;0.006169;0.006150
11/09/2023;53.67;-0.001117;-0.001117;171.48;0.006131;0.006113
12/09/2023;55.63;0.036519;0.035868;173.99;0.014637;0.014531
13/09/2023;56.33;0.012583;0.012505;173.99;0.000000;0.000000
14/09/2023;57.37;0.018463;0.018294;175.25;0.007242;0.007216
15/09/2023;56.59;-0.013596;-0.013689;171.48;-0.021512;-0.021747
16/09/2023;56.93;0.006008;0.005990;175.035;0.020731;0.020519
17/09/2023;57.27;0.005972;0.005954;178.59;0.020310;0.020107
18/09/2023;57.53;0.004540;0.004530;182.77;0.023406;0.023136
19/09/2023;57.51;-0.000348;-0.000348;184.03;0.006894;0.006870
20/09/2023;57.795;0.004956;0.004943;188.63;0.024996;0.024689
21/09/2023;58.08;0.004931;0.004919;193.23;0.024386;0.024094
22/09/2023;59.2;0.019284;0.019100;198.67;0.028153;0.027764
23/09/2023;59.375;0.002956;0.002952;195.325;-0.016837;-0.016980
24/09/2023;59.55;0.002947;0.002943;191.98;-0.017125;-0.017274
25/09/2023;59.82;0.004534;0.004524;195.74;0.019585;0.019396
26/09/2023;60.52;0.011702;0.011634;200.76;0.025646;0.025323
27/09/2023;59.41;-0.018341;-0.018511;199.09;-0.008318;-0.008353
28/09/2023;60.19;0.013129;0.013044;191.14;-0.039932;-0.040751
29/09/2023;62.54;0.039043;0.038300;199.09;0.041593;0.040751
30/09/2023;62.1;-0.007035;-0.007060;192.81;-0.031544;-0.032052
01/10/2023;62.265;0.002657;0.002653;195.95;0.016285;0.016154
02/10/2023;62.43;0.002650;0.002646;199.09;0.016024;0.015897
03/10/2023;63.18;0.012013;0.011942;199.92;0.004169;0.004160
04/10/2023;64.24;0.016777;0.016638;201.595;0.008378;0.008343
05/10/2023;65.3;0.016501;0.016366;203.27;0.008309;0.008274
06/10/2023;63.89;-0.021593;-0.021829;202.01;-0.006199;-0.006218
07/10/2023;64.48;0.009235;0.009192;204.94;0.014504;0.014400
08/10/2023;64.66;0.002792;0.002788;204.94;0.000000;0.000000
09/10/2023;64.64;-0.000309;-0.000309;204.94;0.000000;0.000000
10/10/2023;63.68;-0.014851;-0.014963;204.1;-0.004099;-0.004107
11/10/2023;66.29;0.040986;0.040169;209.12;0.024596;0.024298
12/10/2023;66.785;0.007467;0.007439;206.195;-0.013987;-0.014086
13/10/2023;67.28;0.007412;0.007385;203.27;-0.014186;-0.014287
14/10/2023;67.09;-0.002824;-0.002828;202.43;-0.004132;-0.004141
15/10/2023;67.88;0.011775;0.011706;205.36;0.014474;0.014370
16/10/2023;68.67;0.011638;0.011571;208.29;0.014268;0.014167
17/10/2023;67.37;-0.018931;-0.019113;208.29;0.000000;0.000000
18/10/2023;66.76;-0.009054;-0.009096;213.72;0.026069;0.025735
19/10/2023;66.85;0.001348;0.001347;220.83;0.033268;0.032726
20/10/2023;66.59;-0.003889;-0.003897;220;-0.003759;-0.003766
21/10/2023;67.11;0.007809;0.007779;221.67;0.007591;0.007562
22/10/2023;66.62;-0.007301;-0.007328;227.94;0.028285;0.027893
23/10/2023;66.245;-0.005629;-0.005645;224.18;-0.016496;-0.016633
24/10/2023;65.87;-0.005661;-0.005677;220.42;-0.016772;-0.016914
25/10/2023;65.98;0.001670;0.001669;222.09;0.007576;0.007548
26/10/2023;65.725;-0.003865;-0.003872;221.67;-0.001891;-0.001893
27/10/2023;65.47;-0.003880;-0.003887;221.25;-0.001895;-0.001897
28/10/2023;65.27;-0.003055;-0.003060;216.23;-0.022689;-0.022951
29/10/2023;65.46;0.002911;0.002907;220.83;0.021274;0.021051
30/10/2023;67.98;0.038497;0.037774;225.02;0.018974;0.018796
31/10/2023;66.67;-0.019270;-0.019458;221.67;-0.014888;-0.014999
01/11/2023;66.33;-0.005100;-0.005113;218.74;-0.013218;-0.013306
02/11/2023;66.93;0.009046;0.009005;218.33;-0.001874;-0.001876
03/11/2023;67.175;0.003661;0.003654;219.165;0.003824;0.003817
04/11/2023;67.42;0.003647;0.003641;220;0.003810;0.003803
05/11/2023;66.76;-0.009789;-0.009838;215.82;-0.019000;-0.019183
06/11/2023;66.56;-0.002996;-0.003000;214.98;-0.003892;-0.003900
07/11/2023;66.36;-0.003005;-0.003009;214.14;-0.003907;-0.003915
08/11/2023;63.46;-0.043701;-0.044685;211.63;-0.011721;-0.011791
09/11/2023;64.92;0.023007;0.022746;215.4;0.017814;0.017657
10/11/2023;64.48;-0.006778;-0.006801;215.82;0.001950;0.001948
11/11/2023;64.76;0.004342;0.004333;207.45;-0.038782;-0.039554
12/11/2023;65.53;0.011890;0.011820;209.96;0.012099;0.012027
13/11/2023;65.23;-0.004578;-0.004589;214.98;0.023909;0.023628
14/11/2023;64.485;-0.011421;-0.011487;216.655;0.007791;0.007761
15/11/2023;63.74;-0.011553;-0.011620;218.33;0.007731;0.007701
16/11/2023;61.21;-0.039693;-0.040502;215.82;-0.011496;-0.011563
17/11/2023;61.68;0.007678;0.007649;215.82;0.000000;0.000000
18/11/2023;62.15;0.007620;0.007591;215.82;0.000000;0.000000
19/11/2023;61.3;-0.013677;-0.013771;207.87;-0.036836;-0.037532
20/11/2023;61.28;-0.000326;-0.000326;209.12;0.006013;0.005995
21/11/2023;59.88;-0.022846;-0.023111;206.61;-0.012003;-0.012075
22/11/2023;61.74;0.031062;0.030589;206.61;0.000000;0.000000
23/11/2023;60.69;-0.017007;-0.017153;209.96;0.016214;0.016084
24/11/2023;61.63;0.015489;0.015370;210.8;0.004001;0.003993
25/11/2023;61.45;-0.002921;-0.002925;210.38;-0.001992;-0.001994
26/11/2023;61.27;-0.002929;-0.002934;209.96;-0.001996;-0.001998
27/11/2023;62.21;0.015342;0.015225;211.63;0.007954;0.007922
28/11/2023;62.4;0.003054;0.003050;214.35;0.012853;0.012771
29/11/2023;62.59;0.003045;0.003040;217.07;0.012690;0.012610
30/11/2023;63.2;0.009746;0.009699;215.82;-0.005759;-0.005775
01/12/2023;62.47;-0.011551;-0.011618;209.12;-0.031044;-0.031536
02/12/2023;63.61;0.018249;0.018084;214.98;0.028022;0.027637
03/12/2023;65.58;0.030970;0.030500;210.8;-0.019444;-0.019635
04/12/2023;65.82;0.003660;0.003653;238.4;0.130930;0.123040
05/12/2023;68.26;0.037071;0.036400;240.91;0.010529;0.010473
06/12/2023;67.875;-0.005640;-0.005656;238.19;-0.011291;-0.011355
07/12/2023;67.49;-0.005672;-0.005688;235.47;-0.011419;-0.011485
08/12/2023;67.58;0.001334;0.001333;242.16;0.028411;0.028015
09/12/2023;67.77;0.002811;0.002808;239.655;-0.010344;-0.010398
10/12/2023;67.96;0.002804;0.002800;237.15;-0.010453;-0.010508
11/12/2023;66.8;-0.017069;-0.017216;228.78;-0.035294;-0.035932
12/12/2023;66.66;-0.002096;-0.002098;230.04;0.005507;0.005492
13/12/2023;67.54;0.013201;0.013115;235.06;0.021822;0.021588
14/12/2023;67.37;-0.002517;-0.002520;229.2;-0.024930;-0.025246
15/12/2023;70.36;0.044382;0.043425;233.38;0.018237;0.018073
16/12/2023;70.64;0.003980;0.003972;232.55;-0.003556;-0.003563
17/12/2023;71.325;0.009697;0.009650;234.22;0.007181;0.007156
18/12/2023;72.01;0.009604;0.009558;235.89;0.007130;0.007105
19/12/2023;71.8;-0.002916;-0.002921;240.49;0.019501;0.019313
20/12/2023;72.775;0.013579;0.013488;242.375;0.007838;0.007808
21/12/2023;73.75;0.013397;0.013309;244.26;0.007777;0.007747
22/12/2023;74.04;0.003932;0.003924;246.77;0.010276;0.010223
23/12/2023;76.06;0.027283;0.026917;247.6;0.003363;0.003358
24/12/2023;76.76;0.009203;0.009161;253.04;0.021971;0.021733
25/12/2023;77.37;0.007947;0.007915;255.13;0.008260;0.008226
26/12/2023;76.22;-0.014864;-0.014975;259.31;0.016384;0.016251
27/12/2023;77.89;0.021910;0.021674;255.97;-0.012880;-0.012964
28/12/2023;80.625;0.035114;0.034511;258.895;0.011427;0.011362
29/12/2023;83.36;0.033922;0.033360;261.82;0.011298;0.011235
30/12/2023;82.42;-0.011276;-0.011340;260.57;-0.004774;-0.004786
31/12/2023;81.98;-0.005339;-0.005353;257.43;-0.012051;-0.012124
01/01/2024;81.54;-0.005367;-0.005382;254.29;-0.012197;-0.012272
02/01/2024;79.12;-0.029679;-0.030128;253.88;-0.001612;-0.001614
03/01/2024;77.97;-0.014535;-0.014642;254.71;0.003269;0.003264
04/01/2024;77.625;-0.004425;-0.004435;256.385;0.006576;0.006555
05/01/2024;77.28;-0.004444;-0.004454;258.06;0.006533;0.006512
06/01/2024;78.44;0.015010;0.014899;257.22;-0.003255;-0.003260
07/01/2024;79.09;0.008287;0.008252;262.66;0.021149;0.020929
08/01/2024;83.26;0.052725;0.051382;261.82;-0.003198;-0.003203
09/01/2024;83.45;0.002282;0.002279;263.5;0.006417;0.006396
10/01/2024;83.005;-0.005333;-0.005347;264.755;0.004763;0.004752
11/01/2024;82.56;-0.005361;-0.005376;266.01;0.004740;0.004729
12/01/2024;83.92;0.016473;0.016339;272.28;0.023571;0.023297
13/01/2024;83.095;-0.009831;-0.009879;268.515;-0.013828;-0.013924
14/01/2024;82.27;-0.009928;-0.009978;264.75;-0.014022;-0.014121
15/01/2024;82.02;-0.003039;-0.003043;258.9;-0.022096;-0.022344
16/01/2024;80.84;-0.014387;-0.014491;258.06;-0.003244;-0.003250
17/01/2024;84.22;0.041811;0.040961;272.7;0.056731;0.055180
18/01/2024;82.86;-0.016148;-0.016280;269.77;-0.010744;-0.010803
19/01/2024;82.81;-0.000603;-0.000604;270.19;0.001557;0.001556
20/01/2024;83.97;0.014008;0.013911;280.23;0.037159;0.036485
21/01/2024;84.06;0.001072;0.001071;280.645;0.001481;0.001480
22/01/2024;84.15;0.001071;0.001070;281.06;0.001479;0.001478
23/01/2024;85.14;0.011765;0.011696;283.99;0.010425;0.010371
24/01/2024;85.38;0.002819;0.002815;287.965;0.013997;0.013900
25/01/2024;85.62;0.002811;0.002807;291.94;0.013804;0.013709
26/01/2024;85.99;0.004321;0.004312;290.68;-0.004316;-0.004325
27/01/2024;88.8;0.032678;0.032156;284.41;-0.021570;-0.021806
28/01/2024;91.93;0.035248;0.034641;288.59;0.014697;0.014590
29/01/2024;93.01;0.011748;0.011680;292.36;0.013064;0.012979
30/01/2024;89.58;-0.036878;-0.037575;289.43;-0.010022;-0.010072
31/01/2024;91.8;0.024782;0.024480;292.36;0.010123;0.010072
01/02/2024;90.08;-0.018736;-0.018914;290.895;-0.005011;-0.005024
02/02/2024;88.36;-0.019094;-0.019279;289.43;-0.005036;-0.005049
03/02/2024;87.36;-0.011317;-0.011382;286.92;-0.008672;-0.008710
04/02/2024;87.6;0.002747;0.002743;289.01;0.007284;0.007258
05/02/2024;87.84;0.002740;0.002736;291.1;0.007232;0.007206
06/02/2024;86.86;-0.011157;-0.011219;277.68;-0.046101;-0.047197
07/02/2024;88.06;0.013815;0.013721;279.53;0.006662;0.006640
08/02/2024;90.84;0.031569;0.031081;280.46;0.003327;0.003321
09/02/2024;90.32;-0.005724;-0.005741;280.46;0.000000;0.000000
10/02/2024;92.01;0.018711;0.018538;286.01;0.019789;0.019596
11/02/2024;89.4;-0.028366;-0.028777;294.34;0.029125;0.028709
12/02/2024;89.535;0.001510;0.001509;291.33;-0.010226;-0.010279
13/02/2024;89.67;0.001508;0.001507;288.32;-0.010332;-0.010386
14/02/2024;88.32;-0.015055;-0.015170;290.64;0.008047;0.008014
15/02/2024;88.405;0.000962;0.000962;289.715;-0.003183;-0.003188
16/02/2024;88.49;0.000961;0.000961;288.79;-0.003193;-0.003198
17/02/2024;91.06;0.029043;0.028629;295.73;0.024031;0.023747
18/02/2024;90.23;-0.009115;-0.009157;294.34;-0.004700;-0.004711
19/02/2024;90.32;0.000997;0.000997;293.41;-0.003160;-0.003165
20/02/2024;93.36;0.033658;0.033104;281.84;-0.039433;-0.040231
21/02/2024;90.27;-0.033098;-0.033658;286.01;0.014796;0.014687
22/02/2024;88.45;-0.020162;-0.020368;278.6;-0.025908;-0.026250
23/02/2024;89.15;0.007914;0.007883;279.53;0.003338;0.003333
24/02/2024;89.85;0.007852;0.007821;280.46;0.003327;0.003321
25/02/2024;85.5;-0.048414;-0.049625;274.9;-0.019825;-0.020024
26/02/2024;86.595;0.012807;0.012726;276.29;0.005056;0.005044
27/02/2024;87.69;0.012645;0.012566;277.68;0.005031;0.005018
28/02/2024;87.1;-0.006728;-0.006751;273.05;-0.016674;-0.016814
29/02/2024;87.11701299;0.000195;0.000195;273.0680519;0.000066;0.000066
01/03/2024;87.13402597;0.000195;0.000195;273.0861039;0.000066;0.000066
02/03/2024;87.15103896;0.000195;0.000195;273.1041558;0.000066;0.000066
03/03/2024;87.16805195;0.000195;0.000195;273.1222078;0.000066;0.000066
04/03/2024;87.18506494;0.000195;0.000195;273.1402597;0.000066;0.000066
05/03/2024;87.20207792;0.000195;0.000195;273.1583117;0.000066;0.000066
06/03/2024;87.21909091;0.000195;0.000195;273.1763636;0.000066;0.000066
07/03/2024;87.2361039;0.000195;0.000195;273.1944156;0.000066;0.000066
08/03/2024;87.25311688;0.000195;0.000195;273.2124675;0.000066;0.000066
09/03/2024;87.27012987;0.000195;0.000195;273.2305195;0.000066;0.000066
10/03/2024;87.28714286;0.000195;0.000195;273.2485714;0.000066;0.000066
11/03/2024;87.30415584;0.000195;0.000195;273.2666234;0.000066;0.000066
12/03/2024;87.32116883;0.000195;0.000195;273.2846753;0.000066;0.000066
13/03/2024;87.33818182;0.000195;0.000195;273.3027273;0.000066;0.000066
14/03/2024;87.35519481;0.000195;0.000195;273.3207792;0.000066;0.000066
15/03/2024;87.37220779;0.000195;0.000195;273.3388312;0.000066;0.000066
16/03/2024;87.38922078;0.000195;0.000195;273.3568831;0.000066;0.000066
17/03/2024;87.40623377;0.000195;0.000195;273.3749351;0.000066;0.000066
18/03/2024;87.42324675;0.000195;0.000195;273.392987;0.000066;0.000066
19/03/2024;87.44025974;0.000195;0.000195;273.411039;0.000066;0.000066
20/03/2024;87.45727273;0.000195;0.000195;273.4290909;0.000066;0.000066
21/03/2024;87.47428571;0.000195;0.000195;273.4471429;0.000066;0.000066
22/03/2024;87.4912987;0.000194;0.000194;273.4651948;0.000066;0.000066
23/03/2024;87.50831169;0.000194;0.000194;273.4832468;0.000066;0.000066
24/03/2024;87.52532468;0.000194;0.000194;273.5012987;0.000066;0.000066
25/03/2024;87.54233766;0.000194;0.000194;273.5193506;0.000066;0.000066
26/03/2024;87.55935065;0.000194;0.000194;273.5374026;0.000066;0.000066
27/03/2024;87.57636364;0.000194;0.000194;273.5554545;0.000066;0.000066
28/03/2024;87.59337662;0.000194;0.000194;273.5735065;0.000066;0.000066
29/03/2024;87.61038961;0.000194;0.000194;273.5915584;0.000066;0.000066
30/03/2024;87.6274026;0.000194;0.000194;273.6096104;0.000066;0.000066
31/03/2024;87.64441558;0.000194;0.000194;273.6276623;0.000066;0.000066
01/04/2024;87.66142857;0.000194;0.000194;273.6457143;0.000066;0.000066
02/04/2024;87.67844156;0.000194;0.000194;273.6637662;0.000066;0.000066
03/04/2024;87.69545455;0.000194;0.000194;273.6818182;0.000066;0.000066
04/04/2024;87.71246753;0.000194;0.000194;273.6998701;0.000066;0.000066
05/04/2024;87.72948052;0.000194;0.000194;273.7179221;0.000066;0.000066
06/04/2024;87.74649351;0.000194;0.000194;273.735974;0.000066;0.000066
07/04/2024;87.76350649;0.000194;0.000194;273.754026;0.000066;0.000066
08/04/2024;87.78051948;0.000194;0.000194;273.7720779;0.000066;0.000066
09/04/2024;87.79753247;0.000194;0.000194;273.7901299;0.000066;0.000066
10/04/2024;87.81454545;0.000194;0.000194;273.8081818;0.000066;0.000066
11/04/2024;87.83155844;0.000194;0.000194;273.8262338;0.000066;0.000066
12/04/2024;87.84857143;0.000194;0.000194;273.8442857;0.000066;0.000066
13/04/2024;87.86558442;0.000194;0.000194;273.8623377;0.000066;0.000066
14/04/2024;87.8825974;0.000194;0.000194;273.8803896;0.000066;0.000066
15/04/2024;87.89961039;0.000194;0.000194;273.8984416;0.000066;0.000066
16/04/2024;87.91662338;0.000194;0.000194;273.9164935;0.000066;0.000066
17/04/2024;87.93363636;0.000194;0.000193;273.9345455;0.000066;0.000066
18/04/2024;87.95064935;0.000193;0.000193;273.9525974;0.000066;0.000066
19/04/2024;87.96766234;0.000193;0.000193;273.9706494;0.000066;0.000066
20/04/2024;87.98467532;0.000193;0.000193;273.9887013;0.000066;0.000066
21/04/2024;88.00168831;0.000193;0.000193;274.0067532;0.000066;0.000066
22/04/2024;88.0187013;0.000193;0.000193;274.0248052;0.000066;0.000066
23/04/2024;88.03571429;0.000193;0.000193;274.0428571;0.000066;0.000066
24/04/2024;88.05272727;0.000193;0.000193;274.0609091;0.000066;0.000066
25/04/2024;88.06974026;0.000193;0.000193;274.078961;0.000066;0.000066
26/04/2024;88.08675325;0.000193;0.000193;274.097013;0.000066;0.000066
27/04/2024;88.10376623;0.000193;0.000193;274.1150649;0.000066;0.000066
28/04/2024;88.12077922;0.000193;0.000193;274.1331169;0.000066;0.000066
29/04/2024;88.13779221;0.000193;0.000193;274.1511688;0.000066;0.000066
30/04/2024;88.15480519;0.000193;0.000193;274.1692208;0.000066;0.000066
01/05/2024;88.17181818;0.000193;0.000193;274.1872727;0.000066;0.000066
02/05/2024;88.18883117;0.000193;0.000193;274.2053247;0.000066;0.000066
03/05/2024;88.20584416;0.000193;0.000193;274.2233766;0.000066;0.000066
04/05/2024;88.22285714;0.000193;0.000193;274.2414286;0.000066;0.000066
05/05/2024;88.23987013;0.000193;0.000193;274.2594805;0.000066;0.000066
06/05/2024;88.25688312;0.000193;0.000193;274.2775325;0.000066;0.000066
07/05/2024;88.2738961;0.000193;0.000193;274.2955844;0.000066;0.000066
08/05/2024;88.29090909;0.000193;0.000193;274.3136364;0.000066;0.000066
09/05/2024;88.30792208;0.000193;0.000193;274.3316883;0.000066;0.000066
10/05/2024;88.32493506;0.000193;0.000193;274.3497403;0.000066;0.000066
11/05/2024;88.34194805;0.000193;0.000193;274.3677922;0.000066;0.000066
12/05/2024;88.35896104;0.000193;0.000193;274.3858442;0.000066;0.000066
13/05/2024;88.37597403;0.000193;0.000193;274.4038961;0.000066;0.000066
14/05/2024;88.39298701;0.000193;0.000192;274.4219481;0.000066;0.000066
15/05/2024;88.41;0.000192;0.000192;274.44;0.000066;0.000066
16/05/2024;86.74;-0.018889;-0.019070;270.74;-0.013482;-0.013574
17/05/2024;86.56;-0.002075;-0.002077;269.35;-0.005134;-0.005147
18/05/2024;86.90333333;0.003966;0.003959;269.04;-0.001151;-0.001152
19/05/2024;87.24666667;0.003951;0.003943;268.73;-0.001152;-0.001153
20/05/2024;87.59;0.003935;0.003927;268.42;-0.001154;-0.001154
21/05/2024;86.25;-0.015299;-0.015417;266.11;-0.008606;-0.008643
22/05/2024;85.3;-0.011014;-0.011076;265.65;-0.001729;-0.001730
23/05/2024;86.63;0.015592;0.015472;273.05;0.027856;0.027475
24/05/2024;86.38;-0.002886;-0.002890;270.27;-0.010181;-0.010233
25/05/2024;86.55333333;0.002007;0.002005;272.43;0.007992;0.007960
26/05/2024;86.72666667;0.002003;0.002001;274.59;0.007929;0.007897
27/05/2024;86.9;0.001999;0.001997;276.75;0.007866;0.007835
28/05/2024;86.32;-0.006674;-0.006697;273.51;-0.011707;-0.011776
29/05/2024;84.71;-0.018652;-0.018828;277.68;0.015246;0.015131
30/05/2024;85.815;0.013045;0.012960;276.29;-0.005006;-0.005018
31/05/2024;86.92;0.012877;0.012794;274.9;-0.005031;-0.005044
01/06/2024;87.25333333;0.003835;0.003828;276.29;0.005056;0.005044
02/06/2024;87.58666667;0.003820;0.003813;277.68;0.005031;0.005018
03/06/2024;87.92;0.003806;0.003799;279.07;0.005006;0.004993
04/06/2024;83.14;-0.054368;-0.055901;266.57;-0.044792;-0.045826
05/06/2024;84.67;0.018403;0.018235;273.51;0.026034;0.025701
06/06/2024;85.07;0.004724;0.004713;265.18;-0.030456;-0.030929
07/06/2024;83.58;-0.017515;-0.017670;265.18;0.000000;0.000000
08/06/2024;83.53666667;-0.000518;-0.000519;265.7966667;0.002325;0.002323
09/06/2024;83.49333333;-0.000519;-0.000519;266.4133333;0.002320;0.002317
10/06/2024;83.45;-0.000519;-0.000519;267.03;0.002315;0.002312
11/06/2024;82.07;-0.016537;-0.016675;259.17;-0.029435;-0.029877
12/06/2024;85.87;0.046302;0.045262;263.33;0.016051;0.015924
13/06/2024;82.69;-0.037033;-0.037736;256.85;-0.024608;-0.024916
14/06/2024;82.87;0.002177;0.002174;256.85;0.000000;0.000000
15/06/2024;83.26333333;0.004746;0.004735;258.8566667;0.007813;0.007782
16/06/2024;83.65666667;0.004724;0.004713;260.8633333;0.007752;0.007722
17/06/2024;84.05;0.004702;0.004691;262.87;0.007692;0.007663
18/06/2024;84.51;0.005473;0.005458;262.87;0.000000;0.000000
19/06/2024;87.65;0.037155;0.036482;267.5;0.017613;0.017460
20/06/2024;86.63;-0.011637;-0.011705;268.89;0.005196;0.005183
21/06/2024;87.56;0.010735;0.010678;273.05;0.015471;0.015353
22/06/2024;87.96;0.004568;0.004558;273.05;0.000000;0.000000
23/06/2024;88.36;0.004548;0.004537;273.05;0.000000;0.000000
24/06/2024;88.76;0.004527;0.004517;273.05;0.000000;0.000000
25/06/2024;90.77;0.022645;0.022393;277.68;0.016957;0.016814
26/06/2024;91.77;0.011017;0.010957;278.6;0.003313;0.003308
27/06/2024;93.68;0.020813;0.020599;276.29;-0.008291;-0.008326
28/06/2024;93;-0.007259;-0.007285;281.38;0.018423;0.018255
29/06/2024;93.39333333;0.004229;0.004220;282.3066667;0.003293;0.003288
30/06/2024;93.78666667;0.004212;0.004203;283.2333333;0.003282;0.003277
01/07/2024;94.18;0.004194;0.004185;284.16;0.003272;0.003266
02/07/2024;91.73;-0.026014;-0.026358;276.75;-0.026077;-0.026423
03/07/2024;92.05;0.003488;0.003482;273.98;-0.010009;-0.010059
04/07/2024;91.91;-0.001521;-0.001522;277.68;0.013505;0.013414
05/07/2024;90.34;-0.017082;-0.017230;274.9;-0.010012;-0.010062
06/07/2024;90.71333333;0.004133;0.004124;275.5166667;0.002243;0.002241
07/07/2024;91.08666667;0.004116;0.004107;276.1333333;0.002238;0.002236
08/07/2024;91.46;0.004099;0.004090;276.75;0.002233;0.002231
09/07/2024;91.96;0.005467;0.005452;280.46;0.013406;0.013317
10/07/2024;91.32;-0.006960;-0.006984;277.68;-0.009912;-0.009962
11/07/2024;92.68;0.014893;0.014783;277.68;0.000000;0.000000
12/07/2024;91.91;-0.008308;-0.008343;279.99;0.008319;0.008285
13/07/2024;91.91;0.000000;0.000000;279.0666667;-0.003298;-0.003303
14/07/2024;91.91;0.000000;0.000000;278.1433333;-0.003309;-0.003314
15/07/2024;91.91;0.000000;0.000000;277.22;-0.003320;-0.003325
16/07/2024;87.59;-0.047003;-0.048143;273.05;-0.015042;-0.015156
17/07/2024;85.5;-0.023861;-0.024150;270.27;-0.010181;-0.010233
18/07/2024;88.3;0.032749;0.032224;271.66;0.005143;0.005130
19/07/2024;88.18;-0.001359;-0.001360;270.74;-0.003387;-0.003392
20/07/2024;88.73666667;0.006313;0.006293;270.1233333;-0.002278;-0.002280
21/07/2024;89.29333333;0.006273;0.006254;269.5066667;-0.002283;-0.002286
22/07/2024;89.85;0.006234;0.006215;268.89;-0.002288;-0.002291
23/07/2024;87.81;-0.022705;-0.022966;271.2;0.008591;0.008554
24/07/2024;88.96;0.013096;0.013011;269.35;-0.006822;-0.006845
25/07/2024;89.58;0.006969;0.006945;271.66;0.008576;0.008540
26/07/2024;87.36;-0.024782;-0.025095;267.96;-0.013620;-0.013714
27/07/2024;87.97666667;0.007059;0.007034;268.5766667;0.002301;0.002299
28/07/2024;88.59333333;0.007009;0.006985;269.1933333;0.002296;0.002293
29/07/2024;89.21;0.006961;0.006937;269.81;0.002291;0.002288
30/07/2024;86.36;-0.031947;-0.032469;274.9;0.018865;0.018689
31/07/2024;86.2;-0.001853;-0.001854;279.53;0.016842;0.016702
01/08/2024;84.45;-0.020302;-0.020511;265.18;-0.051336;-0.052701
02/08/2024;81.11;-0.039550;-0.040353;256.39;-0.033147;-0.033709
03/08/2024;80.91;-0.002466;-0.002469;252.6866667;-0.014444;-0.014549
04/08/2024;80.71;-0.002472;-0.002475;248.9833333;-0.014656;-0.014764
05/08/2024;80.51;-0.002478;-0.002481;245.28;-0.014874;-0.014986
06/08/2024;79.76;-0.009316;-0.009359;242.97;-0.009418;-0.009462
07/08/2024;80.14;0.004764;0.004753;238.34;-0.019056;-0.019240
08/08/2024;80.8;0.008236;0.008202;241.12;0.011664;0.011597
09/08/2024;80.65;-0.001856;-0.001858;245.28;0.017253;0.017106
10/08/2024;81.48;0.010291;0.010239;246.9766667;0.006917;0.006893
11/08/2024;82.31;0.010187;0.010135;248.6733333;0.006870;0.006846
12/08/2024;83.14;0.010084;0.010033;250.37;0.006823;0.006800
13/08/2024;89.16;0.072408;0.069907;247.6;-0.011064;-0.011125
14/08/2024;90.34;0.013235;0.013148;250.84;0.013086;0.013001
15/08/2024;92.625;0.025293;0.024979;254.54;0.014750;0.014643
16/08/2024;94.91;0.024669;0.024370;258.24;0.014536;0.014431
17/08/2024;94.68333333;-0.002388;-0.002391;257.7766667;-0.001794;-0.001796
18/08/2024;94.45666667;-0.002394;-0.002397;257.3133333;-0.001797;-0.001799
19/08/2024;94.23;-0.002400;-0.002403;256.85;-0.001801;-0.001802
20/08/2024;90.85;-0.035870;-0.036529;253.61;-0.012614;-0.012695
21/08/2024;91.5;0.007155;0.007129;252.23;-0.005441;-0.005456
22/08/2024;92.55;0.011475;0.011410;254.08;0.007335;0.007308
23/08/2024;92.68;0.001405;0.001404;252.69;-0.005471;-0.005486
24/08/2024;92.47;-0.002266;-0.002268;251.4566667;-0.004881;-0.004893
25/08/2024;92.26;-0.002271;-0.002274;250.2233333;-0.004905;-0.004917
26/08/2024;92.05;-0.002276;-0.002279;248.99;-0.004929;-0.004941
27/08/2024;91.32;-0.007930;-0.007962;250.84;0.007430;0.007403
28/08/2024;93.32;0.021901;0.021665;250.37;-0.001874;-0.001875
29/08/2024;93.27;-0.000536;-0.000536;250.37;0.000000;0.000000
30/08/2024;93.14;-0.001394;-0.001395;258.24;0.031433;0.030950
31/08/2024;93.44333333;0.003257;0.003251;257.3133333;-0.003588;-0.003595
01/09/2024;93.74666667;0.003246;0.003241;256.3866667;-0.003601;-0.003608
02/09/2024;94.05;0.003236;0.003230;255.46;-0.003614;-0.003621
03/09/2024;92.09;-0.020840;-0.021060;251.76;-0.014484;-0.014590
04/09/2024;92.64;0.005972;0.005955;253.61;0.007348;0.007321
05/09/2024;90.65;-0.021481;-0.021715;248.99;-0.018217;-0.018385
06/09/2024;85.34;-0.058577;-0.060363;236.95;-0.048355;-0.049564
07/09/2024;85.72666667;0.004531;0.004521;237.4133333;0.001955;0.001953
08/09/2024;86.11333333;0.004510;0.004500;237.8766667;0.001952;0.001950
09/09/2024;86.5;0.004490;0.004480;238.34;0.001948;0.001946
10/09/2024;84.52;-0.022890;-0.023156;236.03;-0.009692;-0.009739
11/09/2024;81.05;-0.041055;-0.041922;226.77;-0.039232;-0.040023
12/09/2024;82.91;0.022949;0.022689;239.27;0.055122;0.053656
13/09/2024;85.94;0.036546;0.035894;242.97;0.015464;0.015345
14/09/2024;85.44333333;-0.005779;-0.005796;242.0433333;-0.003814;-0.003821
15/09/2024;84.94666667;-0.005813;-0.005830;241.1166667;-0.003829;-0.003836
16/09/2024;84.45;-0.005847;-0.005864;240.19;-0.003843;-0.003851
17/09/2024;85.41;0.011368;0.011304;242.51;0.009659;0.009613
18/09/2024;84.96;-0.005269;-0.005283;242.51;0.000000;0.000000
19/09/2024;87.23;0.026718;0.026368;237.42;-0.020989;-0.021212
20/09/2024;84.51;-0.031182;-0.031678;238.8;0.005812;0.005796
21/09/2024;84.12666667;-0.004536;-0.004546;238.1833333;-0.002582;-0.002586
22/09/2024;83.74333333;-0.004557;-0.004567;237.5666667;-0.002589;-0.002592
23/09/2024;83.36;-0.004577;-0.004588;236.95;-0.002596;-0.002599
24/09/2024;83.98;0.007438;0.007410;243.43;0.027348;0.026980
25/09/2024;84.09;0.001310;0.001309;241.12;-0.009489;-0.009535
26/09/2024;88.67;0.054465;0.053034;246.67;0.023018;0.022757
27/09/2024;87.61;-0.011954;-0.012026;245.28;-0.005635;-0.005651
28/09/2024;86.47666667;-0.012936;-0.013021;244.6633333;-0.002514;-0.002517
29/09/2024;85.34333333;-0.013106;-0.013192;244.0466667;-0.002520;-0.002524
30/09/2024;84.21;-0.013280;-0.013369;243.43;-0.002527;-0.002530
01/10/2024;82.87;-0.015913;-0.016041;237.42;-0.024689;-0.024999
02/10/2024;82.6;-0.003258;-0.003263;240.66;0.013647;0.013554
03/10/2024;80.09;-0.030387;-0.030859;236.03;-0.019239;-0.019426
04/10/2024;80.25;0.001998;0.001996;236.95;0.003898;0.003890
05/10/2024;80.22;-0.000374;-0.000374;237.4133333;0.001955;0.001953
06/10/2024;80.19;-0.000374;-0.000374;237.8766667;0.001952;0.001950
07/10/2024;80.16;-0.000374;-0.000374;238.34;0.001948;0.001946
08/10/2024;80.25;0.001123;0.001122;239.73;0.005832;0.005815
09/10/2024;84.56;0.053707;0.052315;242.97;0.013515;0.013425
10/10/2024;85.29;0.008633;0.008596;242.51;-0.001893;-0.001895
11/10/2024;85.94;0.007621;0.007592;247.6;0.020989;0.020772
12/10/2024;86.29666667;0.004150;0.004142;248.5233333;0.003729;0.003722
13/10/2024;86.65333333;0.004133;0.004125;249.4466667;0.003715;0.003708
14/10/2024;87.01;0.004116;0.004108;250.37;0.003702;0.003695
15/10/2024;86.67;-0.003908;-0.003915;255.93;0.022207;0.021964
16/10/2024;87.7;0.011884;0.011814;254.08;-0.007229;-0.007255
17/10/2024;85.01;-0.030673;-0.031153;242.51;-0.045537;-0.046606
18/10/2024;85.87;0.010116;0.010066;245.28;0.011422;0.011357
19/10/2024;85.56666667;-0.003532;-0.003539;246.0533333;0.003153;0.003148
20/10/2024;85.26333333;-0.003545;-0.003551;246.8266667;0.003143;0.003138
21/10/2024;84.96;-0.003558;-0.003564;247.6;0.003133;0.003128
22/10/2024;82.91;-0.024129;-0.024425;238.8;-0.035541;-0.036188
23/10/2024;82.98;0.000844;0.000844;240.19;0.005821;0.005804
24/10/2024;81.25;-0.020848;-0.021069;239.73;-0.001915;-0.001917
25/10/2024;80.54;-0.008738;-0.008777;236.49;-0.013515;-0.013607
26/10/2024;80.20333333;-0.004180;-0.004189;235.8733333;-0.002608;-0.002611
27/10/2024;79.86666667;-0.004198;-0.004206;235.2566667;-0.002614;-0.002618
28/10/2024;79.53;-0.004215;-0.004224;234.64;-0.002621;-0.002625
29/10/2024;83.11;0.045014;0.044031;232.32;-0.009887;-0.009937
30/10/2024;80.82;-0.027554;-0.027941;236.03;0.015969;0.015843
31/10/2024;79.42;-0.017322;-0.017474;230.01;-0.025505;-0.025836
01/11/2024;80.2875;0.010923;0.010864;229.895;-0.000500;-0.000500
02/11/2024;81.155;0.010805;0.010747;229.78;-0.000500;-0.000500
03/11/2024;82.0225;0.010689;0.010633;229.665;-0.000500;-0.000501
04/11/2024;82.89;0.010576;0.010521;229.55;-0.000501;-0.000501
05/11/2024;82.87;-0.000241;-0.000241;230.94;0.006055;0.006037
06/11/2024;81.98;-0.010740;-0.010798;228.16;-0.012038;-0.012111
07/11/2024;88.19;0.075750;0.073018;236.03;0.034493;0.033912
08/11/2024;87.05;-0.012927;-0.013011;234.64;-0.005889;-0.005906
09/11/2024;86.7775;-0.003130;-0.003135;236.0275;0.005913;0.005896
10/11/2024;86.505;-0.003140;-0.003145;237.415;0.005879;0.005861
11/11/2024;86.2325;-0.003150;-0.003155;238.8025;0.005844;0.005827
12/11/2024;85.96;-0.003160;-0.003165;240.19;0.005810;0.005793
13/11/2024;82.11;-0.044788;-0.045822;239.27;-0.003830;-0.003838
14/11/2024;81.85;-0.003166;-0.003172;236.49;-0.011619;-0.011687
15/11/2024;80.45;-0.017104;-0.017252;233.71;-0.011755;-0.011825
16/11/2024;80.41;-0.000497;-0.000497;233.0933333;-0.002639;-0.002642
17/11/2024;80.37;-0.000497;-0.000498;232.4766667;-0.002646;-0.002649
18/11/2024;80.33;-0.000498;-0.000498;231.86;-0.002653;-0.002656
19/11/2024;78.02;-0.028756;-0.029178;222.14;-0.041922;-0.042826
20/11/2024;79.6;0.020251;0.020049;222.61;0.002116;0.002114
21/11/2024;79.6;0.000000;0.000000;226.31;0.016621;0.016484
22/11/2024;81.96;0.029648;0.029217;226.77;0.002033;0.002031
23/11/2024;82.71666667;0.009232;0.009190;223.0666667;-0.016331;-0.016466
24/11/2024;83.47333333;0.009148;0.009106;219.3633333;-0.016602;-0.016741
25/11/2024;84.23;0.009065;0.009024;215.66;-0.016882;-0.017026
26/11/2024;81.58;-0.031461;-0.031967;211.04;-0.021423;-0.021655
27/11/2024;81.71;0.001594;0.001592;210.11;-0.004407;-0.004416
28/11/2024;83.54;0.022396;0.022149;214.74;0.022036;0.021797
29/11/2024;82.96;-0.006943;-0.006967;218.9;0.019372;0.019187
30/11/2024;83.27666667;0.003817;0.003810;220.29;0.006350;0.006330
01/12/2024;83.59333333;0.003803;0.003795;221.68;0.006310;0.006290
02/12/2024;83.91;0.003788;0.003781;223.07;0.006270;0.006251
03/12/2024;82.83;-0.012871;-0.012954;217.52;-0.024880;-0.025195
04/12/2024;81.94;-0.010745;-0.010803;220.29;0.012734;0.012654
05/12/2024;82.82;0.010740;0.010682;221.22;0.004222;0.004213
06/12/2024;82.02;-0.009660;-0.009706;230.47;0.041814;0.040963
07/12/2024;81.48666667;-0.006502;-0.006524;230.78;0.001345;0.001344
08/12/2024;80.95333333;-0.006545;-0.006567;231.09;0.001343;0.001342
09/12/2024;80.42;-0.006588;-0.006610;231.4;0.001341;0.001341
10/12/2024;80.87;0.005596;0.005580;238.34;0.029991;0.029550
11/12/2024;80.83;-0.000495;-0.000495;237.42;-0.003860;-0.003868
12/12/2024;80.87;0.000495;0.000495;233.25;-0.017564;-0.017720
13/12/2024;81.58;0.008780;0.008741;230.01;-0.013891;-0.013988
14/12/2024;82.01;0.005271;0.005257;229.8566667;-0.000667;-0.000667
15/12/2024;82.44;0.005243;0.005230;229.7033333;-0.000667;-0.000667
16/12/2024;82.87;0.005216;0.005202;229.55;-0.000668;-0.000668
17/12/2024;79.87;-0.036201;-0.036873;220.29;-0.040340;-0.041176
18/12/2024;80.87;0.012520;0.012443;224.92;0.021018;0.020800
19/12/2024;80.07;-0.009892;-0.009942;224.92;0.000000;0.000000
20/12/2024;78.73;-0.016735;-0.016877;233.71;0.039081;0.038336
21/12/2024;78.91;0.002286;0.002284;230.78;-0.012537;-0.012616
22/12/2024;79.09;0.002281;0.002278;227.85;-0.012696;-0.012777
23/12/2024;79.27;0.002276;0.002273;224.92;-0.012859;-0.012943
24/12/2024;79.1375;-0.001672;-0.001673;224.805;-0.000511;-0.000511
25/12/2024;79.005;-0.001674;-0.001676;224.69;-0.000512;-0.000512
26/12/2024;78.8725;-0.001677;-0.001679;224.575;-0.000512;-0.000512
27/12/2024;78.74;-0.001680;-0.001681;224.46;-0.000512;-0.000512
28/12/2024;78.53666667;-0.002582;-0.002586;224.15;-0.001381;-0.001382
29/12/2024;78.33333333;-0.002589;-0.002592;223.84;-0.001383;-0.001384
30/12/2024;78.13;-0.002596;-0.002599;223.53;-0.001385;-0.001386
31/12/2024;78.13;0.000000;0.000000;223.53;0.000000;0.000000